n_qubits,n_layers,rmse_mean,rmse_std,n_params
2,1,0.47259913913861423,0.011900039087674496,6
2,2,0.4715182246395671,0.013473139822591736,12
2,3,0.47509078815827727,0.011765075769290133,18
4,1,0.4301503349427822,0.020149428543020213,12
4,2,0.4295564612227591,0.016454384542176848,24
4,3,0.43006273050072696,0.017384430724168107,36
6,1,0.3764232221269453,0.010662391314837472,18
6,2,0.3750493451190196,0.010003717086748415,36
